{"cameraMode":{"drawMode":0,"name":"Shaded","section":"Shading Mode"},"sceneLighting":true,"audioPlay":false,"sceneViewState":{"showFog":true,"showMaterialUpdate":false,"showSkybox":true,"showFlares":true,"showImageEffects":true,"showParticleSystems":true},"in2DMode":false,"pivot":{"x":1.5320837497711182,"y":3.7603745460510256,"z":7.009722709655762},"rotation":{"x":-0.10180391371250153,"y":0.07959327101707459,"z":-0.008171713910996914,"w":-0.9915825724601746},"size":1.2297794818878174,"orthographic":false}