{"cameraMode":{"drawMode":0,"name":"Shaded","section":"Shading Mode"},"sceneLighting":true,"audioPlay":false,"sceneViewState":{"showFog":true,"showMaterialUpdate":false,"showSkybox":true,"showFlares":true,"showImageEffects":true,"showParticleSystems":true},"in2DMode":false,"pivot":{"x":1.6905277967453004,"y":2.959742546081543,"z":5.36946439743042},"rotation":{"x":-0.05920674651861191,"y":-0.8843826651573181,"z":0.11687974631786347,"w":-0.4480004906654358},"size":1.4023447036743165,"orthographic":false}