{"cameraMode":{"drawMode":0,"name":"Shaded","section":"Shading Mode"},"sceneLighting":true,"audioPlay":false,"sceneViewState":{"showFog":true,"showMaterialUpdate":false,"showSkybox":true,"showFlares":true,"showImageEffects":true,"showParticleSystems":true},"in2DMode":false,"pivot":{"x":-0.055566683411598209,"y":3.16911244392395,"z":1.977270245552063},"rotation":{"x":0.21258337795734406,"y":-0.049810539931058887,"z":0.010853508487343789,"w":0.9758235812187195},"size":0.18411166965961457,"orthographic":false}