{"cameraMode":{"drawMode":0,"name":"Shaded","section":"Shading Mode"},"sceneLighting":true,"audioPlay":false,"sceneViewState":{"showFog":true,"showMaterialUpdate":false,"showSkybox":true,"showFlares":true,"showImageEffects":true,"showParticleSystems":true},"in2DMode":false,"pivot":{"x":0.5750000476837158,"y":3.772296905517578,"z":1.7680001258850098},"rotation":{"x":0.030584366992115976,"y":-0.029390208423137666,"z":-0.0008997438126243651,"w":-0.9991037249565125},"size":0.681394100189209,"orthographic":false}